INSERT INTO stores (id, name, address, phone, created_at, updated_at) VALUES
(1, '서울카페', '전북 서울시 노원구 경기로', '02-123-4567', '2025-11-17 16:00:00', '2025-11-17 16:00:00');

INSERT INTO menus (id, store_id, name, description, created_at, updated_at) VALUES
(1, 1, '메인 메뉴', '파스타, 스테이크 등 메인 요리', '2025-11-17 17:30:00', '2025-11-17 17:30:00'),
(2, 1, '사이드 메뉴', '샐러드와 디저트', '2025-11-17 17:30:00', '2025-11-17 17:30:00'),
(3, 1, '음료 메뉴', '커피, 주스, 스무디', '2025-11-17 17:30:00', '2025-11-17 17:30:00');

INSERT INTO menu_items (id, menu_id, name, description, price, is_available, image_url, created_at, updated_at) VALUES
(1, 1, '까르보나라', '크림 소스와 베이컨의 조화', 13000, TRUE, '/img/carbonara.png', '2025-11-17 17:30:00', '2025-11-17 17:30:00'),
(2, 1, '알리오 올리오', '마늘과 올리브유의 심플한 맛', 11000, TRUE, '/img/alio_olio.png', '2025-11-17 17:30:00', '2025-11-17 17:30:00'),
(3, 1, '토마토 파스타', '신선한 토마토 소스 파스타', 12000, TRUE, '/img/tomato_pasta.png', '2025-11-17 17:30:00', '2025-11-17 17:30:00'),
(4, 1, '안심 스테이크', '부드러운 소고기 안심', 28000, TRUE, '/img/tenderloin.png', '2025-11-17 17:30:00', '2025-11-17 17:30:00'),
(5, 1, '립아이 스테이크', '육즙 가득한 립아이', 32000, TRUE, '/img/ribeye.png', '2025-11-17 17:30:00', '2025-11-17 17:30:00'),
(6, 1, '버섯 리조또', '크리미한 이탈리안 리조또', 14000, TRUE, '/img/risotto.png', '2025-11-17 17:30:00', '2025-11-17 17:30:00'),
(7, 1, '해산물 그라탕', '새우와 관자가 들어간 그라탕', 16000, TRUE, '/img/gratin.png', '2025-11-17 17:30:00', '2025-11-17 17:30:00'),
(8, 2, '티라미수', '에스프레소 향 가득한 디저트', 7000, TRUE, '/img/tiramisu.png', '2025-11-17 17:30:00', '2025-11-17 17:30:00'),
(9, 2, '초코 브라우니', '진한 초콜릿 케이크', 6000, TRUE, '/img/brownie.png', '2025-11-17 17:30:00', '2025-11-17 17:30:00'),
(10, 2, '치즈케이크', '부드러운 뉴욕 스타일', 6500, TRUE, '/img/cheesecake.png', '2025-11-17 17:30:00', '2025-11-17 17:30:00'),
(11, 2, '시저 샐러드', '신선한 로메인과 파마산 치즈', 9000, TRUE, '/img/caesar.png', '2025-11-17 17:30:00', '2025-11-17 17:30:00'),
(12, 2, '그린 샐러드', '각종 채소와 발사믹 드레싱', 8000, TRUE, '/img/green_salad.png', '2025-11-17 17:30:00', '2025-11-17 17:30:00'),
(13, 2, '닭가슴살 샐러드', '고단백 헬시 샐러드', 11000, TRUE, '/img/chicken_salad.png', '2025-11-17 17:30:00', '2025-11-17 17:30:00'),
(14, 3, '아메리카노', '진한 원두 향의 커피', 4000, TRUE, '/img/americano.png', '2025-11-17 17:30:00', '2025-11-17 17:30:00'),
(15, 3, '카푸치노', '우유 거품이 올라간 커피', 4500, TRUE, '/img/cappuccino.png', '2025-11-17 17:30:00', '2025-11-17 17:30:00'),
(16, 3, '카페라떼', '부드러운 우유와 에스프레소', 4500, TRUE, '/img/latte.png', '2025-11-17 17:30:00', '2025-11-17 17:30:00'),
(17, 3, '오렌지 주스', '갓 짜낸 생과일 주스', 5500, TRUE, '/img/orange.png', '2025-11-17 17:30:00', '2025-11-17 17:30:00'),
(18, 3, '자몽 에이드', '상큼한 자몽 탄산음료', 6000, TRUE, '/img/grapefruit.png', '2025-11-17 17:30:00', '2025-11-17 17:30:00'),
(19, 3, '딸기 스무디', '신선한 딸기와 요거트', 6500, TRUE, '/img/strawberry_smoothie.png', '2025-11-17 17:30:00', '2025-11-17 17:30:00'),
(20, 3, '망고 스무디', '달콤한 망고 스무디', 6500, TRUE, '/img/mango_smoothie.png', '2025-11-17 17:30:00', '2025-11-17 17:30:00');

INSERT INTO item_ingredients (id, item_id, ingredient_name, quantity_unit, quantity_value, notes) VALUES
(1, 1, '파스타 면', 'g', 120, '스파게티 면'),
(2, 1, '크림', 'ml', 80, '생크림'),
(3, 1, '베이컨', 'g', 50, '훈제 베이컨'),
(4, 1, '파마산 치즈', 'g', 30, '이탈리아산'),
(5, 2, '파스타 면', 'g', 120, '스파게티 면'),
(6, 2, '올리브유', 'ml', 40, '엑스트라 버진'),
(7, 2, '마늘', 'g', 20, '국내산'),
(8, 2, '페페론치노', 'g', 3, '건고추'),
(9, 3, '파스타 면', 'g', 120, '펜네 면'),
(10, 3, '토마토 소스', 'ml', 150, '신선한 토마토'),
(11, 3, '양파', 'g', 30, '국내산'),
(12, 3, '바질', 'g', 5, '프레시 바질'),
(13, 4, '소고기 안심', 'g', 200, '1++ 한우'),
(14, 4, '버터', 'g', 15, '무염 버터'),
(15, 4, '마늘', 'g', 10, '통마늘'),
(16, 5, '소고기 립아이', 'g', 250, '미국산 프라임'),
(17, 5, '버터', 'g', 20, '무염 버터'),
(18, 5, '로즈마리', 'g', 3, '생 로즈마리'),
(19, 5, '소금', 'g', 2, '시솔트'),
(20, 6, '쌀', 'g', 100, '아르보리오 쌀'),
(21, 6, '버섯', 'g', 80, '포르치니 버섯'),
(22, 6, '크림', 'ml', 60, '생크림'),
(23, 6, '파마산 치즈', 'g', 25, '이탈리아산'),
(24, 6, '화이트 와인', 'ml', 30, '드라이 와인'),
(25, 7, '새우', 'g', 100, '흰다리 새우'),
(26, 7, '관자', 'g', 80, '생관자'),
(27, 7, '크림', 'ml', 100, '생크림'),
(28, 7, '모짜렐라 치즈', 'g', 50, '이탈리아산'),
(29, 8, '마스카포네 치즈', 'g', 100, '이탈리아산'),
(30, 8, '에스프레소', 'ml', 50, '더블샷'),
(31, 8, '설탕', 'g', 30, '백설탕'),
(32, 8, '코코아 파우더', 'g', 5, '다크 코코아'),
(33, 9, '다크 초콜릿', 'g', 80, '70% 카카오'),
(34, 9, '버터', 'g', 60, '무염 버터'),
(35, 9, '설탕', 'g', 50, '백설탕'),
(36, 9, '밀가루', 'g', 40, '박력분'),
(37, 10, '크림치즈', 'g', 120, '필라델피아'),
(38, 10, '설탕', 'g', 40, '백설탕'),
(39, 10, '생크림', 'ml', 50, '동물성'),
(40, 10, '비스킷', 'g', 30, '소화용 비스킷'),
(41, 11, '로메인 상추', 'g', 100, '신선한 채소'),
(42, 11, '파마산 치즈', 'g', 20, '이탈리아산'),
(43, 11, '시저 드레싱', 'ml', 40, '자체 제조'),
(44, 11, '크루통', 'g', 15, '바삭한 빵'),
(45, 12, '혼합 채소', 'g', 120, '샐러드 믹스'),
(46, 12, '방울토마토', 'g', 30, '유기농'),
(47, 12, '발사믹 드레싱', 'ml', 25, '이탈리아산'),
(48, 13, '닭가슴살', 'g', 150, '국내산 훈제'),
(49, 13, '혼합 채소', 'g', 100, '샐러드 믹스'),
(50, 13, '아보카도', 'g', 50, '멕시코산'),
(51, 13, '발사믹 드레싱', 'ml', 30, '이탈리아산'),
(52, 14, '원두', 'g', 15, '콜롬비아산'),
(53, 14, '물', 'ml', 200, '정수기 물'),
(54, 15, '원두', 'g', 15, '에스프레소 샷'),
(55, 15, '우유', 'ml', 150, '국내산 우유'),
(56, 16, '원두', 'g', 15, '브라질산'),
(57, 16, '우유', 'ml', 200, '스팀 밀크'),
(58, 17, '오렌지', 'g', 300, '생과일 착즙'),
(59, 18, '자몽', 'g', 150, '생과일'),
(60, 18, '탄산수', 'ml', 200, '스파클링'),
(61, 18, '시럽', 'ml', 20, '자몽 시럽'),
(62, 19, '딸기', 'g', 150, '냉동 딸기'),
(63, 19, '요거트', 'g', 100, '플레인 요거트'),
(64, 19, '꿀', 'ml', 20, '국내산 벌꿀'),
(65, 20, '망고', 'g', 180, '필리핀산'),
(66, 20, '요거트', 'g', 100, '플레인 요거트'),
(67, 20, '우유', 'ml', 50, '국내산');
